{"cameraMode":{"drawMode":0,"name":"Shaded","section":"Shading Mode"},"sceneLighting":false,"audioPlay":false,"sceneViewState":{"m_AlwaysRefresh":false,"showFog":true,"showSkybox":false,"showFlares":true,"showImageEffects":true,"showParticleSystems":true,"showVisualEffectGraphs":true,"m_FxEnabled":true},"in2DMode":false,"pivot":{"x":0.027140140533447267,"y":3.9123334884643556,"z":-0.5192250609397888},"rotation":{"x":0.3853895664215088,"y":-0.09387952089309693,"z":0.03944762423634529,"w":0.9171278476715088},"size":5.310554027557373,"orthographic":false}