{"cameraMode":{"drawMode":0,"name":"Shaded","section":"Shading Mode"},"sceneLighting":true,"audioPlay":false,"sceneViewState":{"m_AlwaysRefresh":false,"showFog":true,"showSkybox":true,"showFlares":true,"showImageEffects":true,"showParticleSystems":true,"showVisualEffectGraphs":true,"m_FxEnabled":true},"in2DMode":false,"pivot":{"x":0.5251002311706543,"y":1.843498706817627,"z":0.11294561624526978},"rotation":{"x":-0.08946604281663895,"y":0.8921574354171753,"z":-0.20278483629226685,"w":-0.3936072289943695},"size":3.762528419494629,"orthographic":true}